{
  "classes": ["15-19","20-24","25-29","30-34","35-39","40-44","45-49","50-54","55-59","60-64","65-69","70-74","75-79","80-84","85-89","90-94","95-99","100-104","105-109","110-114","115-119","120-124"],
  "lances": [1],
  "freq": {
    "Mcola": {
      "1": [0,0,0,0,2,8,7,3,3,1,1,1,1,0,0,0,0,0,0,0,0,0]
    },
    "Msur": {
      "1": [0,0,0,0,0,0,0,0,0,0,0,0,0,0,0,0,0,0,0,0,0,0]
    }
  },
  "donut": {
    "1": [0.00,93.39,6.61]
  },
  "info": {
    "1": {"Fecha":"2025-08-07","Lat":"43\u00B030.6'S","Lon":"75\u00B012.5'W","Msur":0.0,"Mcola":11.6,"Otros":0.8}
  },
  "coords": {
    "1": [-43.510000,-75.208333]
  }
}
